Title,Year,Rated,Runtime,Genre,Director,Stars,IMDb_Rating,Metascore,Votes,Gross
The Godfather,1972,R,175 min,"Crime, Drama",Francis Ford Coppola,"Marlon Brando, Al Pacino, James Caan",9.2,100.0,"2,108,592","$136,381,073"
The Godfather Part II,1974,R,202 min,"Crime, Drama",Francis Ford Coppola,"Al Pacino, Robert De Niro, Robert Duvall",9.0,90.0,"1,424,468","$47,834,595"
Seven Samurai,1954,Not Rated,207 min,"Action, Drama",Akira Kurosawa,"Toshirô Mifune, Takashi Shimura, Keiko Tsushima",8.6,98.0,"379,094","$820,278"
12 Angry Men,1957,Approved,96 min,"Crime, Drama",Sidney Lumet,"Henry Fonda, Lee J. Cobb, Martin Balsam",9.0,97.0,"920,922",No info
City Lights,1931,G,87 min,"Comedy, Drama, Romance",Charles Chaplin,"Charles Chaplin, Virginia Cherrill, Florence Lee",8.5,99.0,"205,485","$19,181"
"The Good, the Bad and the Ugly",1966,R,178 min,"Adventure, Western",Sergio Leone,"Clint Eastwood, Eli Wallach, Lee Van Cleef",8.8,90.0,"850,523","$25,100,000"
The Shawshank Redemption,1994,R,142 min,Drama,Frank Darabont,"Tim Robbins, Morgan Freeman, Bob Gunton",9.3,82.0,"3,031,101","$28,767,189"
Psycho,1960,R,109 min,"Horror, Mystery, Thriller",Alfred Hitchcock,"Anthony Perkins, Janet Leigh, Vera Miles",8.5,97.0,"741,743","$32,000,000"
Modern Times,1936,G,87 min,"Comedy, Drama, Romance",Charles Chaplin,"Charles Chaplin, Paulette Goddard, Henry Bergman",8.5,96.0,"269,492","$163,577"
Schindler's List,1993,R,195 min,"Biography, Drama, History",Steven Spielberg,"Liam Neeson, Ralph Fiennes, Ben Kingsley",9.0,95.0,"1,517,035","$96,898,818"
Pulp Fiction,1994,R,154 min,"Crime, Drama",Quentin Tarantino,"John Travolta, Uma Thurman, Samuel L. Jackson",8.9,95.0,"2,318,236","$107,928,762"
Rear Window,1954,PG,112 min,"Drama, Mystery, Thriller",Alfred Hitchcock,"James Stewart, Grace Kelly, Wendell Corey",8.5,100.0,"538,306","$36,764,313"
One Flew Over the Cuckoo's Nest,1975,R,133 min,Drama,Milos Forman,"Jack Nicholson, Louise Fletcher, Michael Berryman",8.7,84.0,"1,108,711","$108,981,275"
Apocalypse Now,1979,R,147 min,"Drama, Mystery, War",Francis Ford Coppola,"Martin Sheen, Marlon Brando, Robert Duvall",8.4,94.0,"737,150","$96,042,913"
Tokyo Story,1953,Not Rated,137 min,Drama,Yasujirô Ozu,"Chishû Ryû, Chieko Higashiyama, Sô Yamamura",8.1,100.0,"73,492",No info
Spirited Away,2001,PG,124 min,"Animation, Adventure, Family",Hayao Miyazaki,"Daveigh Chase, Suzanne Pleshette, Miyu Irino",8.6,96.0,"905,425","$15,205,725"
Goodfellas,1990,R,145 min,"Biography, Crime, Drama",Martin Scorsese,"Robert De Niro, Ray Liotta, Joe Pesci",8.7,92.0,"1,319,523","$46,909,721"
Vertigo,1958,PG,128 min,"Mystery, Romance, Thriller",Alfred Hitchcock,"James Stewart, Kim Novak, Barbara Bel Geddes",8.3,100.0,"443,973","$7,863,310"
Singin' in the Rain,1952,G,103 min,"Comedy, Musical, Romance","Stanley Donen, Gene Kelly","Gene Kelly, Donald O'Connor, Debbie Reynolds",8.3,99.0,"270,495","$1,884,537"
Sunset Boulevard,1950,Approved,110 min,"Drama, Film-Noir",Billy Wilder,"William Holden, Gloria Swanson, Erich von Stroheim",8.4,94.0,"245,601","$299,645"
Citizen Kane,1941,PG,119 min,"Drama, Mystery",Orson Welles,"Orson Welles, Joseph Cotten, Dorothy Comingore",8.3,100.0,"480,096","$1,627,530"
Harakiri,1962,Not Rated,133 min,"Drama, Mystery",Masaki Kobayashi,"Tatsuya Nakadai, Akira Ishihama, Shima Iwashita",8.6,85.0,"76,678",No info
Rashomon,1950,Not Rated,88 min,"Crime, Drama, Mystery",Akira Kurosawa,"Toshirô Mifune, Machiko Kyô, Masayuki Mori",8.2,98.0,"186,250","$46,808"
Once Upon a Time in the West,1968,PG-13,166 min,"Drama, Western",Sergio Leone,"Henry Fonda, Charles Bronson, Claudia Cardinale",8.5,82.0,"367,158","$5,321,508"
Fanny and Alexander,1982,R,188 min,Drama,Ingmar Bergman,"Bertil Guve, Pernilla Allwin, Kristina Adolphson",8.1,100.0,"68,952","$6,783,304"
The Lord of the Rings: The Return of the King,2003,PG-13,201 min,"Adventure, Drama, Fantasy",Peter Jackson,"Elijah Wood, Viggo Mortensen, Ian McKellen",9.0,94.0,"2,064,201","$381,878,219"
Andrei Rublev,1966,R,189 min,"Biography, Drama, History",Andrei Tarkovsky,"Anatoliy Solonitsyn, Ivan Lapikov, Nikolay Grinko",8.0,,"58,379","$124,189"
The Passion of Joan of Arc,1928,Passed,114 min,"Biography, Drama, History",Carl Theodor Dreyer,"Maria Falconetti, Eugene Silvain, André Berley",8.1,98.0,"63,451","$21,877"
Sherlock Jr.,1924,Passed,45 min,"Action, Comedy, Romance",Buster Keaton,"Buster Keaton, Kathryn McGuire, Joe Keaton",8.2,,"60,321","$977,375"
Bicycle Thieves,1948,Not Rated,89 min,Drama,Vittorio De Sica,"Lamberto Maggiorani, Enzo Staiola, Lianella Carell",8.3,,"182,401","$371,111"
Casablanca,1942,PG,102 min,"Drama, Romance, War",Michael Curtiz,"Humphrey Bogart, Ingrid Bergman, Paul Henreid",8.5,100.0,"627,789","$4,219,709"
Some Like It Hot,1959,Approved,121 min,"Comedy, Music, Romance",Billy Wilder,"Marilyn Monroe, Tony Curtis, Jack Lemmon",8.2,98.0,"292,794",No info
Persona,1966,Not Rated,83 min,"Drama, Thriller",Ingmar Bergman,"Bibi Andersson, Liv Ullmann, Margaretha Krook",8.0,86.0,"135,455",No info
Children of Paradise,1945,Not Rated,189 min,"Drama, Romance",Marcel Carné,"Arletty, Jean-Louis Barrault, Pierre Brasseur",8.3,96.0,"21,662","$36,986"
Taxi Driver,1976,R,114 min,"Crime, Drama",Martin Scorsese,"Robert De Niro, Jodie Foster, Cybill Shepherd",8.2,94.0,"970,338","$28,262,574"
The Dark Knight,2008,PG-13,152 min,"Action, Crime, Drama",Christopher Nolan,"Christian Bale, Heath Ledger, Aaron Eckhart",9.0,84.0,"2,997,696","$534,987,076"
Metropolis,1927,Not Rated,153 min,"Drama, Sci-Fi",Fritz Lang,"Brigitte Helm, Alfred Abel, Gustav Fröhlich",8.3,98.0,"190,808","$1,236,166"
Stalker,1979,Not Rated,162 min,"Drama, Sci-Fi",Andrei Tarkovsky,"Alisa Freyndlikh, Aleksandr Kaydanovskiy, Anatoliy Solonitsyn",8.0,85.0,"150,425","$292,049"
Pather Panchali,1955,Not Rated,125 min,Drama,Satyajit Ray,"Kanu Bannerjee, Karuna Bannerjee, Subir Banerjee",8.2,,"39,591","$134,241"
Lawrence of Arabia,1962,PG,227 min,"Adventure, Biography, Drama",David Lean,"Peter O'Toole, Alec Guinness, Anthony Quinn",8.3,100.0,"327,088","$45,306,425"
M,1931,Passed,99 min,"Crime, Mystery, Thriller",Fritz Lang,"Peter Lorre, Ellen Widmann, Inge Landgut",8.3,,"176,513","$35,566"
Ordet,1955,Not Rated,126 min,Drama,Carl Theodor Dreyer,"Henrik Malberg, Emil Hass Christensen, Preben Lerdorff Rye",8.2,,"17,927",No info
It's a Wonderful Life,1946,PG,130 min,"Drama, Family, Fantasy",Frank Capra,"James Stewart, Donna Reed, Lionel Barrymore",8.6,89.0,"526,295","$1,483,643"
Satantango,1994,Not Rated,439 min,Drama,Béla Tarr,"Mihály Vig, Putyi Horváth, László feLugossy",8.2,,"13,042",No info
Parasite (2019),2019,,,,,,,,,No info
The 400 Blows,1959,Not Rated,99 min,"Crime, Drama",François Truffaut,"Jean-Pierre Léaud, Albert Rémy, Claire Maurier",8.0,,"130,340",$509
Ikiru,1952,Not Rated,143 min,Drama,Akira Kurosawa,"Takashi Shimura, Nobuo Kaneko, Shin'ichi Himori",8.3,92.0,"94,812","$60,239"
Mirror,1975,Not Rated,107 min,"Biography, Drama",Andrei Tarkovsky,"Margarita Terekhova, Filipp Yankovskiy, Ignat Daniltsev",7.9,82.0,"53,556","$22,168"
Come and See,1985,Not Rated,142 min,"Drama, Thriller, War",Elem Klimov,"Aleksey Kravchenko, Olga Mironova, Liubomiras Laucevicius",8.4,,"103,344","$71,909"
The Apartment,1960,Approved,125 min,"Comedy, Drama, Romance",Billy Wilder,"Jack Lemmon, Shirley MacLaine, Fred MacMurray",8.3,94.0,"208,132","$18,600,000"
The General,1926,Passed,78 min,"Action, Adventure, Comedy","Clyde Bruckman, Buster Keaton","Buster Keaton, Marion Mack, Glen Cavender",8.1,,"101,287",No info
Grave of the Fireflies,1988,Not Rated,88 min,"Animation, Drama, War",Isao Takahata,"Tsutomu Tatsumi, Ayano Shiraishi, Akemi Yamaguchi",8.5,94.0,"342,933","$516,962"
Le Trou,2022–,,,"Comedy, Sci-Fi",,"Madeleine Baudot, Laura Fautré, Nicolas Gob",,,,No info
The Battle of Algiers,1966,Not Rated,121 min,"Drama, War",Gillo Pontecorvo,"Brahim Hadjadj, Jean Martin, Yacef Saadi",8.1,96.0,"69,287","$879,794"
A Man Escaped,1956,Not Rated,101 min,"Drama, Thriller, War",Robert Bresson,"François Leterrier, Charles Le Clainche, Maurice Beerblock",8.2,,"28,822",No info
Dr. Strangelove or: How I Learned to Stop Worrying and Love the Bomb,1964,PG,95 min,"Comedy, War",Stanley Kubrick,"Peter Sellers, George C. Scott, Sterling Hayden",8.3,97.0,"533,554","$9,440,272"
Paths of Glory,1957,Approved,88 min,"Drama, War",Stanley Kubrick,"Kirk Douglas, Ralph Meeker, Adolphe Menjou",8.4,90.0,"223,297",No info
The Lord of the Rings: The Fellowship of the Ring,2001,PG-13,178 min,"Adventure, Drama, Fantasy",Peter Jackson,"Elijah Wood, Ian McKellen, Orlando Bloom",8.9,92.0,"2,091,490","$319,372,078"
All About Eve,1950,Approved,138 min,Drama,Joseph L. Mankiewicz,"Bette Davis, Anne Baxter, George Sanders",8.2,98.0,"144,113","$63,463"
Star Wars: Episode V - The Empire Strikes Back,1980,PG,124 min,"Action, Adventure, Fantasy",Irvin Kershner,"Mark Hamill, Harrison Ford, Carrie Fisher",8.7,82.0,"1,435,744","$292,753,960"
High and Low,1963,Not Rated,143 min,"Crime, Drama, Mystery",Akira Kurosawa,"Toshirô Mifune, Yutaka Sada, Tatsuya Nakadai",8.4,90.0,"58,940","$46,808"
The Great Dictator,1940,G,125 min,"Comedy, Drama, War",Charles Chaplin,"Charles Chaplin, Paulette Goddard, Jack Oakie",8.4,,"246,821",No info
The Silence of the Lambs,1991,R,118 min,"Crime, Drama, Horror",Jonathan Demme,"Jodie Foster, Anthony Hopkins, Scott Glenn",8.6,86.0,"1,620,995","$130,742,922"
2001: A Space Odyssey,1968,G,149 min,"Adventure, Sci-Fi",Stanley Kubrick,"Keir Dullea, Gary Lockwood, William Sylvester",8.3,84.0,"743,796","$60,481,243"
North by Northwest,1959,Approved,136 min,"Adventure, Drama, Mystery",Alfred Hitchcock,"Cary Grant, Eva Marie Saint, James Mason",8.3,98.0,"357,260","$66,728"
Double Indemnity,1944,Approved,107 min,"Crime, Drama, Film-Noir",Billy Wilder,"Fred MacMurray, Barbara Stanwyck, Edward G. Robinson",8.3,95.0,"173,009",No info
Ugetsu,1953,Not Rated,96 min,"Drama, Fantasy, War",Kenji Mizoguchi,"Masayuki Mori, Machiko Kyô, Kinuyo Tanaka",8.1,,"26,742","$11,197"
Woman in the Dunes,1964,Not Rated,147 min,"Drama, Thriller",Hiroshi Teshigahara,"Eiji Okada, Kyôko Kishida, Kôji Mitsui",8.5,,"23,433",No info
Sansho the Bailiff,1954,Not Rated,124 min,Drama,Kenji Mizoguchi,"Kinuyo Tanaka, Yoshiaki Hanayagi, Kyôko Kagawa",8.4,96.0,"18,809",No info
Once Upon a Time in America,1984,R,229 min,"Crime, Drama",Sergio Leone,"Robert De Niro, James Woods, Elizabeth McGovern",8.3,75.0,"390,054","$5,321,508"
City of God,2002,R,130 min,"Crime, Drama","Fernando Meirelles, Kátia Lund","Alexandre Rodrigues, Leandro Firmino, Matheus Nachtergaele",8.6,79.0,"835,420","$7,564,459"
Late Spring,1949,Not Rated,110 min,"Comedy, Drama",Yasujirô Ozu,"Chishû Ryû, Setsuko Hara, Yumeji Tsukioka",8.2,93.0,"19,919","$13,254"
Barry Lyndon,1975,PG,185 min,"Adventure, Drama, War",Stanley Kubrick,"Ryan O'Neal, Marisa Berenson, Patrick Magee",8.1,89.0,"190,510",No info
The Lord of the Rings: The Two Towers,2002,PG-13,179 min,"Adventure, Drama, Fantasy",Peter Jackson,"Elijah Wood, Ian McKellen, Viggo Mortensen",8.8,87.0,"1,859,452","$345,518,923"
Raging Bull,1980,R,129 min,"Biography, Drama, Sport",Martin Scorsese,"Robert De Niro, Cathy Moriarty, Joe Pesci",8.1,90.0,"390,616","$23,383,987"
Chinatown,1974,R,130 min,"Drama, Mystery, Thriller",Roman Polanski,"Jack Nicholson, Faye Dunaway, John Huston",8.1,92.0,"360,756","$29,200,000"
Alien,1979,R,117 min,"Horror, Sci-Fi",Ridley Scott,"Sigourney Weaver, Tom Skerritt, John Hurt",8.5,89.0,"1,008,748","$84,206,106"
Ran,1985,R,160 min,"Action, Drama, War",Akira Kurosawa,"Tatsuya Nakadai, Akira Terao, Jinpachi Nezu",8.2,97.0,"141,102","$4,135,750"
The Seventh Seal,1957,Not Rated,96 min,"Drama, Fantasy",Ingmar Bergman,"Max von Sydow, Gunnar Björnstrand, Bengt Ekerot",8.1,88.0,"206,854",No info
The Kid,1921,Passed,68 min,"Comedy, Drama, Family",Charles Chaplin,"Charles Chaplin, Edna Purviance, Jackie Coogan",8.2,,"139,244",No info
Wild Strawberries,1957,Not Rated,92 min,"Drama, Romance",Ingmar Bergman,"Victor Sjöström, Bibi Andersson, Ingrid Thulin",8.1,88.0,"118,568",No info
A Brighter Summer Day,1991,Not Rated,237 min,"Crime, Drama, Romance",Edward Yang,"Chang Chen, Lisa Yang, Kuo-Chu Chang",8.2,91.0,"13,551",No info
8½,1963,Not Rated,138 min,Drama,Federico Fellini,"Marcello Mastroianni, Anouk Aimée, Claudia Cardinale",8.0,93.0,"127,693","$98,760"
The Pianist,2002,R,150 min,"Biography, Drama, Music",Roman Polanski,"Adrien Brody, Thomas Kretschmann, Frank Finlay",8.5,85.0,"964,581","$32,590,750"
The World of Apu,1959,Not Rated,105 min,Drama,Satyajit Ray,"Soumitra Chatterjee, Sharmila Tagore, Alok Chakravarty",8.4,,"17,326","$134,241"
La Dolce Vita,1960,Not Rated,174 min,"Comedy, Drama",Federico Fellini,"Marcello Mastroianni, Anita Ekberg, Anouk Aimée",8.0,95.0,"79,809",No info
Star Wars: Episode IV - A New Hope,1977,PG,121 min,"Action, Adventure, Fantasy",George Lucas,"Mark Hamill, Harrison Ford, Carrie Fisher",8.6,90.0,"1,498,082","$460,998,507"
The Best of Youth,2003,R,374 min,"Drama, Romance",Marco Tullio Giordana,"Luigi Lo Cascio, Alessio Boni, Jasmine Trinca",8.5,89.0,"25,170","$274,024"
The Gold Rush,1925,Approved,95 min,"Adventure, Comedy, Drama",Charles Chaplin,"Charles Chaplin, Mack Swain, Tom Murray",8.1,,"121,822",No info
The Third Man,1949,Approved,93 min,"Drama, Film-Noir, Mystery",Carol Reed,"Orson Welles, Joseph Cotten, Alida Valli",8.1,97.0,"187,102","$1,067,364"
The Treasure of the Sierra Madre,1948,Approved,126 min,"Adventure, Drama, Western",John Huston,"Humphrey Bogart, Walter Huston, Tim Holt",8.2,98.0,"135,657","$5,014,000"
I Am Cuba,1964,Not Rated,141 min,Drama,Mikhail Kalatozov,"Sergio Corrieri, Salvador Wood, José Gallardo",8.2,,"11,143","$168,100"
The Lives of Others,2006,R,137 min,"Drama, Mystery, Thriller",Florian Henckel von Donnersmarck,"Ulrich Mühe, Martina Gedeck, Sebastian Koch",8.4,89.0,"426,492","$11,286,112"
Witness for the Prosecution,1957,Approved,116 min,"Crime, Drama, Mystery",Billy Wilder,"Tyrone Power, Marlene Dietrich, Charles Laughton",8.4,76.0,"145,279",No info
Touch of Evil,1958,PG-13,95 min,"Crime, Drama, Film-Noir",Orson Welles,"Charlton Heston, Orson Welles, Janet Leigh",8.0,99.0,"111,672","$2,247,465"
WALL·E,2008,G,98 min,"Animation, Adventure, Family",Andrew Stanton,"Ben Burtt, Elissa Knight, Jeff Garlin",8.4,95.0,"1,251,510","$223,808,164"
Scenes from a Marriage,2021,TV-MA,,Drama,,"Jessica Chastain, Oscar Isaac, Sophia Kopera",8.1,,"30,678",No info
To Be or Not to Be,1942,Approved,99 min,"Comedy, Romance, War",Ernst Lubitsch,"Carole Lombard, Jack Benny, Robert Stack",8.1,86.0,"46,338","$3,270,000"
A Separation,2011,PG-13,123 min,Drama,Asghar Farhadi,"Payman Maadi, Leila Hatami, Sareh Bayat",8.3,95.0,"266,651","$7,099,055"
The Night of the Hunter,1955,Approved,92 min,"Crime, Drama, Film-Noir",Charles Laughton,"Robert Mitchum, Shelley Winters, Lillian Gish",8.0,97.0,"102,307",No info
Three Colors: Red,1994,R,99 min,"Drama, Mystery, Romance",Krzysztof Kieslowski,"Irène Jacob, Jean-Louis Trintignant, Frédérique Feder",8.1,100.0,"112,875","$3,581,969"
Yojimbo,1961,Not Rated,110 min,"Action, Drama, Thriller",Akira Kurosawa,"Toshirô Mifune, Eijirô Tôno, Tatsuya Nakadai",8.2,93.0,"135,707","$46,808"
Back to the Future,1985,PG,116 min,"Adventure, Comedy, Sci-Fi",Robert Zemeckis,"Michael J. Fox, Christopher Lloyd, Lea Thompson",8.5,87.0,"1,367,227","$214,553,307"
My Neighbor Totoro,1988,G,86 min,"Animation, Comedy, Family",Hayao Miyazaki,"Hitoshi Takagi, Noriko Hidaka, Chika Sakamoto",8.1,87.0,"404,996","$2,250,213"
In the Mood for Love,2000,PG,98 min,"Drama, Romance",Wong Kar-Wai,"Tony Leung Chiu-wai, Maggie Cheung, Ping-Lam Siu",8.1,87.0,"175,628","$2,738,980"
Princess Mononoke,1997,PG-13,133 min,"Animation, Adventure, Fantasy",Hayao Miyazaki,"Yôji Matsuda, Yuriko Ishida, Yûko Tanaka",8.3,76.0,"458,216","$11,437,745"
Saving Private Ryan,1998,R,169 min,"Drama, War",Steven Spielberg,"Tom Hanks, Matt Damon, Tom Sizemore",8.6,91.0,"1,558,717","$217,049,603"
Cinema Paradiso,1988,PG,174 min,"Drama, Romance",Giuseppe Tornatore,"Philippe Noiret, Enzo Cannavale, Antonella Attili",8.5,80.0,"300,405","$12,397,210"
La Jetée,1962,Not Rated,28 min,"Short, Drama, Romance",Chris Marker,"Étienne Becker, Jean Négroni, Hélène Chatelain",8.2,,"37,834",No info
The Wages of Fear,1953,Not Rated,156 min,"Adventure, Drama, Thriller",Henri-Georges Clouzot,"Yves Montand, Charles Vanel, Peter van Eyck",8.1,85.0,"69,086","$21,228"
Das Boot,1981,R,149 min,"Drama, War",Wolfgang Petersen,"Jürgen Prochnow, Herbert Grönemeyer, Klaus Wennemann",8.4,85.0,"273,687","$11,487,676"
Fight Club,1999,R,139 min,"Crime, Drama, Thriller",David Fincher,"Brad Pitt, Edward Norton, Meat Loaf",8.8,67.0,"2,456,010","$37,030,102"
Nights of Cabiria,1957,Not Rated,110 min,Drama,Federico Fellini,"Giulietta Masina, François Périer, Franca Marzi",8.1,,"52,765","$766,530"
La Strada,1954,Not Rated,108 min,Drama,Federico Fellini,"Anthony Quinn, Giulietta Masina, Richard Basehart",8.0,,"67,779",No info
Amadeus,1984,PG,160 min,"Biography, Drama, Music",Milos Forman,"F. Murray Abraham, Tom Hulce, Elizabeth Berridge",8.4,87.0,"443,510","$51,973,029"
Forrest Gump,1994,PG-13,142 min,"Drama, Romance",Robert Zemeckis,"Tom Hanks, Robin Wright, Gary Sinise",8.8,82.0,"2,368,927","$330,455,270"
Spider-Man: Into the Spider-Verse,2018,PG,117 min,"Animation, Action, Adventure","Bob Persichetti, Peter Ramsey, Rodney Rothman","Shameik Moore, Jake Johnson, Hailee Steinfeld",8.4,87.0,"727,185","$190,241,310"
The Lion King,1994,G,88 min,"Animation, Adventure, Drama","Roger Allers, Rob Minkoff","Matthew Broderick, Jeremy Irons, James Earl Jones",8.5,88.0,"1,199,828","$424,979,720"
Inception,2010,PG-13,148 min,"Action, Adventure, Sci-Fi",Christopher Nolan,"Leonardo DiCaprio, Joseph Gordon-Levitt, Elliot Page",8.8,74.0,"2,671,882","$292,587,330"
Whiplash (2014),2014,,,,,,,,,No info
The Shop Around the Corner,1940,Approved,99 min,"Comedy, Drama, Romance",Ernst Lubitsch,"Margaret Sullavan, James Stewart, Frank Morgan",8.0,96.0,"40,953",No info
Rififi,1955,Not Rated,118 min,"Crime, Drama, Thriller",Jules Dassin,"Jean Servais, Carl Möhner, Robert Manuel",8.1,97.0,"37,695","$517,975"
Umberto D.,1952,Not Rated,89 min,Drama,Vittorio De Sica,"Carlo Battisti, Maria Pia Casilio, Lina Gennari",8.2,92.0,"28,955","$71,816"
Army of Shadows,1969,Not Rated,145 min,"Drama, War",Jean-Pierre Melville,"Lino Ventura, Paul Meurisse, Jean-Pierre Cassel",8.1,99.0,"27,228","$861,983"
Blade Runner,1982,R,117 min,"Action, Drama, Sci-Fi",Ridley Scott,"Harrison Ford, Rutger Hauer, Sean Young",8.1,84.0,"842,743","$32,914,489"
Samurai Rebellion,1967,Not Rated,128 min,Drama,Masaki Kobayashi,"Toshirô Mifune, Yôko Tsukasa, Gô Katô",8.3,90.0,"14,526",No info
Close Up,1996,R,84 min,"Mystery, Thriller",Przemyslaw Reut,"Michael Mauro, Eric Leffler, Tom Straw",6.0,,72,No info
The Circus,1928,G,72 min,"Comedy, Family, Romance",Charles Chaplin,"Charles Chaplin, Merna Kennedy, Al Ernest Garcia",8.1,90.0,"36,711",No info
Raiders of the Lost Ark,1981,PG,115 min,"Action, Adventure",Steven Spielberg,"Harrison Ford, Karen Allen, Paul Freeman",8.4,86.0,"1,071,698","$248,159,971"
The Grand Illusion,1937,Not Rated,113 min,"Drama, War",Jean Renoir,"Jean Gabin, Dita Parlo, Pierre Fresnay",8.1,,"39,993",No info
A Clockwork Orange,1971,R,136 min,"Crime, Sci-Fi",Stanley Kubrick,"Malcolm McDowell, Patrick Magee, Michael Bates",8.2,77.0,"906,931","$26,617,553"
Eternal Sunshine of the Spotless Mind,2004,R,108 min,"Drama, Romance, Sci-Fi",Michel Gondry,"Jim Carrey, Kate Winslet, Tom Wilkinson",8.3,89.0,"1,128,630","$34,400,301"
A Woman Under the Influence,1974,R,155 min,"Drama, Romance",John Cassavetes,"Gena Rowlands, Peter Falk, Fred Draper",8.0,88.0,"31,141","$13,336,830"
The Cranes Are Flying,1957,Not Rated,95 min,"Drama, Romance, War",Mikhail Kalatozov,"Tatyana Samoylova, Aleksey Batalov, Vasiliy Merkurev",8.3,,"20,490","$17,923"
Yi Yi,2000,Not Rated,173 min,"Drama, Romance",Edward Yang,"Nien-Jen Wu, Elaine Jin, Issei Ogata",8.1,94.0,"30,333","$1,136,776"
To Kill a Mockingbird,1962,Approved,129 min,"Crime, Drama",Robert Mulligan,"Gregory Peck, John Megna, Frank Overton",8.3,88.0,"340,211","$592,237"
The Matrix,1999,R,136 min,"Action, Sci-Fi","Lana Wachowski, Lilly Wachowski","Keanu Reeves, Laurence Fishburne, Carrie-Anne Moss",8.7,73.0,"2,147,060","$172,076,928"
The Sting,1973,PG,129 min,"Comedy, Crime, Drama",George Roy Hill,"Paul Newman, Robert Redford, Robert Shaw",8.3,83.0,"289,424","$156,000,000"
The Mother and the Whore,1973,Not Rated,210 min,"Drama, Romance",Jean Eustache,"Bernadette Lafont, Jean-Pierre Léaud, Françoise Lebrun",7.7,89.0,"7,217","$40,555"
Se7en,1995,R,127 min,"Crime, Drama, Mystery",David Fincher,"Morgan Freeman, Brad Pitt, Kevin Spacey",8.6,65.0,"1,894,075","$101,040,643"
Early Summer,1951,Not Rated,125 min,"Comedy, Drama, Romance",Yasujirô Ozu,"Setsuko Hara, Chishû Ryû, Chikage Awashima",8.1,94.0,"9,910",No info
Werckmeister Harmonies,2000,Not Rated,145 min,"Drama, Mystery","Béla Tarr, Ágnes Hranitzky","Lars Rudolph, Peter Fitz, Hanna Schygulla",8.0,93.0,"16,661","$69,923"
Coco,2017,PG,105 min,"Animation, Adventure, Drama","Lee Unkrich, Adrian Molina","Anthony Gonzalez, Gael García Bernal, Benjamin Bratt",8.4,81.0,"645,660","$210,460,015"
Toy Story,1995,G,81 min,"Animation, Adventure, Comedy",John Lasseter,"Tom Hanks, Tim Allen, Don Rickles",8.3,96.0,"1,118,442","$223,225,679"
It Happened One Night,1934,Approved,105 min,"Comedy, Romance",Frank Capra,"Clark Gable, Claudette Colbert, Walter Connolly",8.1,87.0,"116,179",No info
Reservoir Dogs,1992,R,99 min,"Crime, Thriller",Quentin Tarantino,"Harvey Keitel, Tim Roth, Michael Madsen",8.3,81.0,"1,125,778","$2,832,029"
Unforgiven,1992,R,130 min,"Drama, Western",Clint Eastwood,"Clint Eastwood, Gene Hackman, Morgan Freeman",8.2,85.0,"451,680","$101,167,799"
The Deer Hunter,1978,R,183 min,"Drama, War",Michael Cimino,"Robert De Niro, Christopher Walken, John Cazale",8.1,90.0,"374,425","$48,979,328"
The Young and the Damned,1950,Not Rated,80 min,"Crime, Drama",Luis Buñuel,"Alfonso Mejía, Roberto Cobo, Estela Inda",8.2,,"22,473",No info
The Best Years of Our Lives,1946,Approved,170 min,"Drama, Romance, War",William Wyler,"Myrna Loy, Dana Andrews, Fredric March",8.1,93.0,"72,322","$23,650,000"
The Leopard,1963,PG,186 min,"Drama, History",Luchino Visconti,"Burt Lancaster, Alain Delon, Claudia Cardinale",7.9,100.0,"30,794",No info
Time of the Gypsies,1988,R,142 min,"Comedy, Crime, Drama",Emir Kusturica,"Davor Dujmovic, Bora Todorovic, Ljubica Adzovic",8.1,,"33,184","$280,015"
Ali: Fear Eats the Soul,1974,Not Rated,93 min,"Drama, Romance",Rainer Werner Fassbinder,"Brigitte Mira, El Hedi ben Salem, Barbara Valentin",8.0,,"24,535","$8,144"
Raise the Red Lantern,1991,PG,125 min,"Drama, Romance",Yimou Zhang,"Gong Li, Jingwu Ma, Saifei He",8.1,,"36,007","$2,603,061"
Terminator 2: Judgment Day,1991,R,137 min,"Action, Adventure, Sci-Fi",James Cameron,"Arnold Schwarzenegger, Linda Hamilton, Edward Furlong",8.6,75.0,"1,227,716","$205,881,154"
The Shining,1980,R,146 min,"Drama, Horror",Stanley Kubrick,"Jack Nicholson, Shelley Duvall, Danny Lloyd",8.4,68.0,"1,159,098","$45,634,352"
Portrait of a Lady on Fire,2019,R,122 min,"Drama, Romance",Céline Sciamma,"Noémie Merlant, Adèle Haenel, Luàna Bajrami",8.1,95.0,"117,622","$3,759,854"
Viridiana,1961,Not Rated,91 min,Drama,Luis Buñuel,"Silvia Pinal, Francisco Rabal, Fernando Rey",8.0,,"26,759",No info
Greed,1924,Not Rated,140 min,"Drama, Thriller, Western",Erich von Stroheim,"Gibson Gowland, Zasu Pitts, Jean Hersholt",8.0,,"11,018",No info
Gone with the Wind,1939,G,238 min,"Drama, Romance, War",Victor Fleming,"Clark Gable, Vivien Leigh, Thomas Mitchell",8.2,97.0,"343,558","$200,882,193"
There Will Be Blood,2007,R,158 min,Drama,Paul Thomas Anderson,"Daniel Day-Lewis, Paul Dano, Ciarán Hinds",8.2,93.0,"668,453","$40,222,514"
LA Confidential: Trends in LA,2016–,,13 min,Reality-TV,,"Christian Rodrigo, Nuria Ansón",,,,No info
"Paris, Texas",1984,R,145 min,Drama,Wim Wenders,"Harry Dean Stanton, Nastassja Kinski, Dean Stockwell",8.1,81.0,"127,596","$2,422,082"
Throne of Blood,1957,Not Rated,110 min,Drama,Akira Kurosawa,"Toshirô Mifune, Minoru Chiaki, Isuzu Yamada",8.0,,"57,387","$46,808"
Toy Story 3,2010,G,103 min,"Animation, Adventure, Comedy",Lee Unkrich,"Tom Hanks, Tim Allen, Joan Cusack",8.3,92.0,"929,348","$415,004,880"
Memento,2000,R,113 min,"Mystery, Thriller",Christopher Nolan,"Guy Pearce, Carrie-Anne Moss, Joe Pantoliano",8.4,83.0,"1,374,391","$25,544,867"
On the Waterfront,1954,Approved,108 min,"Crime, Drama, Thriller",Elia Kazan,"Marlon Brando, Karl Malden, Lee J. Cobb",8.1,91.0,"171,628",No info
A Trip to the Moon,1902,TV-G,13 min,"Short, Action, Adventure",Georges Méliès,"Georges Méliès, Victor André, Bleuette Bernon",8.1,,"57,320",No info
The Rules of the Game,1939,Not Rated,110 min,"Comedy, Drama",Jean Renoir,"Marcel Dalio, Nora Gregor, Paulette Dubost",7.9,99.0,"31,917","$273,641"
Red Beard,1965,Not Rated,185 min,Drama,Akira Kurosawa,"Toshirô Mifune, Yûzô Kayama, Tsutomu Yamazaki",8.3,90.0,"22,035","$46,808"
The Grapes of Wrath,1940,Approved,129 min,Drama,John Ford,"Henry Fonda, Jane Darwell, John Carradine",8.1,96.0,"102,840",No info
Au hasard Balthazar,1966,Not Rated,95 min,Drama,Robert Bresson,"Anne Wiazemsky, Walter Green, François Lafarge",7.7,98.0,"23,450","$45,406"
Autumn Sonata,1978,PG,99 min,"Drama, Music",Ingmar Bergman,"Ingrid Bergman, Liv Ullmann, Lena Nyman",8.1,,"39,416",No info
Annie Hall,1977,PG,93 min,"Comedy, Romance",Woody Allen,"Woody Allen, Diane Keaton, Tony Roberts",7.9,92.0,"283,229","$38,251,425"
The Conformist,1970,R,113 min,Drama,Bernardo Bertolucci,"Jean-Louis Trintignant, Stefania Sandrelli, Gastone Moschin",7.9,100.0,"34,656","$238,792"
Rocco and His Brothers,1960,Not Rated,179 min,"Crime, Drama, Sport",Luchino Visconti,"Alain Delon, Renato Salvatori, Annie Girardot",8.2,84.0,"23,038",No info
Dersu Uzala,1975,G,142 min,"Adventure, Biography, Drama",Akira Kurosawa,"Maksim Munzuk, Yuriy Solomin, Mikhail Bychkov",8.2,,"34,559",No info
Cool Hand Luke,1967,Approved,127 min,"Crime, Drama",Stuart Rosenberg,"Paul Newman, George Kennedy, Strother Martin",8.1,92.0,"192,814",No info
Monty Python and the Holy Grail,1975,PG,91 min,"Adventure, Comedy, Fantasy","Terry Gilliam, Terry Jones","Graham Chapman, John Cleese, Eric Idle",8.2,91.0,"583,327","$2,562,392"
Le Samourai,2011,,22 min,"Documentary, Short",Ivan Faktor,,,,,No info
Aliens,1986,R,137 min,"Action, Adventure, Horror",James Cameron,"Sigourney Weaver, Michael Biehn, Carrie Henn",8.4,84.0,"803,271","$85,160,248"
Playtime,1967,Not Rated,155 min,Comedy,Jacques Tati,"Jacques Tati, Barbara Dennek, Rita Maiden",7.8,99.0,"26,768",No info
The Bridge on the River Kwai,1957,PG,161 min,"Adventure, Drama, War",David Lean,"William Holden, Alec Guinness, Jack Hawkins",8.1,88.0,"241,306","$27,200,000"
The Red Shoes,1948,Not Rated,135 min,"Drama, Music, Romance","Michael Powell, Emeric Pressburger","Anton Walbrook, Marius Goring, Moira Shearer",8.1,,"41,252",No info
American Beauty,1999,R,122 min,Drama,Sam Mendes,"Kevin Spacey, Annette Bening, Thora Birch",8.3,84.0,"1,234,987","$130,096,601"
To Live,1994,Not Rated,133 min,"Drama, War",Yimou Zhang,"You Ge, Gong Li, Ben Niu",8.3,,"21,192","$2,332,728"
Battleship Potemkin,1925,Not Rated,66 min,"Drama, History, Thriller",Sergei Eisenstein,"Aleksandr Antonov, Vladimir Barskiy, Grigoriy Aleksandrov",7.9,97.0,"62,849","$51,198"
Day of Wrath,1943,Not Rated,110 min,"Drama, History",Carl Theodor Dreyer,"Thorkild Roose, Lisbeth Movin, Sigrid Neiiendam",8.1,,"11,439","$7,642"
All Quiet on the Western Front,2022,R,148 min,"Drama, History, War",Edward Berger,"Felix Kammerer, Albrecht Schuch, Aaron Hilmer",7.8,76.0,"272,532",No info
It's Such a Beautiful Day,2011,,23 min,"Animation, Short, Drama",Don Hertzfeldt,"Sara Cushman, Don Hertzfeldt",8.5,82.0,"3,347",No info
Full Metal Jacket,1987,R,116 min,"Drama, War",Stanley Kubrick,"Matthew Modine, R. Lee Ermey, Vincent D'Onofrio",8.2,78.0,"816,705","$46,357,676"
The Cabinet of Dr. Caligari,1920,Not Rated,67 min,"Horror, Mystery, Thriller",Robert Wiene,"Werner Krauss, Conrad Veidt, Friedrich Feher",8.0,,"73,341","$8,811"
Kes,1969,PG-13,111 min,"Drama, Family",Ken Loach,"David Bradley, Brian Glover, Freddie Fletcher",7.9,,"23,529",No info
The Usual Suspects,1995,R,106 min,"Crime, Drama, Mystery",Bryan Singer,"Kevin Spacey, Gabriel Byrne, Chazz Palminteri",8.5,76.0,"1,183,258","$23,341,568"
The Cameraman,1928,Passed,76 min,"Comedy, Drama, Family","Edward Sedgwick, Buster Keaton","Buster Keaton, Marceline Day, Harold Goodwin",8.0,,"13,471",No info
Aparajito,1956,Not Rated,110 min,Drama,Satyajit Ray,"Pinaki Sengupta, Smaran Ghosal, Kamala Adhikari",8.2,,"16,466","$134,241"
The Elephant Man,1980,PG,124 min,"Biography, Drama",David Lynch,"Anthony Hopkins, John Hurt, Anne Bancroft",8.2,78.0,"268,017","$26,010,864"
Rebecca,1940,Approved,130 min,"Drama, Mystery, Romance",Alfred Hitchcock,"Laurence Olivier, Joan Fontaine, George Sanders",8.1,86.0,"151,018",No info
Make Way for Tomorrow,1937,Approved,91 min,"Drama, Romance",Leo McCarey,"Victor Moore, Beulah Bondi, Fay Bainter",8.2,,"9,761",No info
The Great Escape,1963,Approved,172 min,"Adventure, Drama, Thriller",John Sturges,"Steve McQueen, James Garner, Richard Attenborough",8.2,86.0,"267,613",No info
Your Name,2015,,22 min,Short,Megumi Shiraishi,,8.9,,289,No info
Limelight,1952,G,137 min,"Drama, Music, Romance",Charles Chaplin,"Charles Chaplin, Claire Bloom, Nigel Bruce",8.0,84.0,"22,864",No info
Breathless,1960,Not Rated,90 min,"Crime, Drama",Jean-Luc Godard,"Jean-Paul Belmondo, Jean Seberg, Richard Balducci",7.7,,"90,959","$414,173"
Underground,1995,Not Rated,167 min,"Comedy, Drama, Fantasy",Emir Kusturica,"Predrag 'Miki' Manojlovic, Lazar Ristovski, Mirjana Jokovic",8.0,79.0,"62,306","$171,082"
The Man Who Shot Liberty Valance,1962,Approved,123 min,"Drama, Western",John Ford,"James Stewart, John Wayne, Vera Miles",8.1,94.0,"84,587",No info
"Aguirre, the Wrath of God",1972,Not Rated,95 min,"Action, Adventure, Biography",Werner Herzog,"Klaus Kinski, Ruy Guerra, Helena Rojo",7.8,,"64,435",No info
Oldboy,2003,R,120 min,"Action, Drama, Mystery",Park Chan-wook,"Choi Min-sik, Yoo Ji-tae, Kang Hye-jeong",8.3,78.0,"672,998","$2,458,200"
Up,2009,PG,96 min,"Animation, Adventure, Comedy","Pete Docter, Bob Peterson","Edward Asner, Jordan Nagai, John Ratzenberger",8.3,88.0,"1,166,741","$293,004,164"
Anatomy of a Murder,1959,Approved,161 min,"Drama, Mystery",Otto Preminger,"James Stewart, Lee Remick, Ben Gazzara",8.0,95.0,"74,147","$11,900,000"
The Wild Bunch,1969,R,135 min,"Action, Adventure, Drama",Sam Peckinpah,"William Holden, Ernest Borgnine, Robert Ryan",7.9,98.0,"92,113","$638,641"
The Hunt (2012),2012,,,Talk-Show,,"Jake De Agrela, Zeke Morgan-Hind",,,,No info
Ettore Scola on 'Il Sorpasso',2014,,14 min,"Documentary, Short",,"Ettore Scola, Jean-Louis Trintignant",,,,No info
The Last Laugh,1924,Not Rated,90 min,"Drama, Horror",F.W. Murnau,"Emil Jannings, Maly Delschaft, Max Hiller",8.0,,"15,504","$94,812"
A Streetcar Named Desire,1951,Approved,122 min,Drama,Elia Kazan,"Vivien Leigh, Marlon Brando, Kim Hunter",7.9,97.0,"116,820",No info
Life Is Beautiful,1997,PG-13,116 min,"Comedy, Drama, Romance",Roberto Benigni,"Roberto Benigni, Nicoletta Braschi, Giorgio Cantarini",8.6,58.0,"776,195","$57,563,264"
A Short Film About Love,1988,Not Rated,87 min,"Drama, Romance",Krzysztof Kieslowski,"Grazyna Szapolowska, Olaf Lubaszenko, Stefania Iwinska",8.1,,"26,849",No info
The Shop on Main Street,1965,Not Rated,128 min,"Drama, War","Ján Kadár, Elmar Klos","Ida Kaminska, Jozef Kroner, Frantisek Zvarík",8.2,,"10,017",No info
Rio Bravo,1959,Approved,141 min,Western,Howard Hawks,"John Wayne, Dean Martin, Ricky Nelson",8.0,93.0,"69,824","$12,535,000"
Roman Holiday,1953,Approved,118 min,"Comedy, Drama, Romance",William Wyler,"Gregory Peck, Audrey Hepburn, Eddie Albert",8.0,78.0,"151,666",No info
Ivan's Childhood,1962,Not Rated,95 min,"Drama, War","Andrei Tarkovsky, Eduard Abalov","Nikolay Burlyaev, Valentin Zubkov, Evgeniy Zharikov",8.0,,"41,167","$22,168"
The Exterminating Angel,1962,Not Rated,95 min,"Drama, Fantasy",Luis Buñuel,"Silvia Pinal, Jacqueline Andere, Enrique Rambal",8.0,,"36,516",No info
Trainspotting,1996,R,93 min,Drama,Danny Boyle,"Ewan McGregor, Ewen Bremner, Jonny Lee Miller",8.1,83.0,"742,146","$16,491,080"
The Last Picture Show,1971,R,118 min,"Drama, Romance",Peter Bogdanovich,"Timothy Bottoms, Jeff Bridges, Cybill Shepherd",8.0,93.0,"54,812","$29,133,000"
The Truman Show,1998,PG,103 min,"Comedy, Drama",Peter Weir,"Jim Carrey, Ed Harris, Laura Linney",8.2,90.0,"1,265,103","$125,618,201"
Memories of Murder,2003,Not Rated,132 min,"Crime, Drama, Mystery",Bong Joon Ho,"Song Kang-ho, Kim Sang-kyung, Kim Roe-ha",8.1,82.0,"238,839","$15,357"
Faust,1926,Not Rated,107 min,"Drama, Fantasy, Horror",F.W. Murnau,"Gösta Ekman, Emil Jannings, Camilla Horn",8.1,,"17,097",No info
Sans Soleil,1983,Not Rated,100 min,"Documentary, Drama",Chris Marker,"Amilcar Cabral, Florence Delay, Arielle Dombasle",7.7,,"12,404","$30,878"
Song of the Sea,2014,PG,93 min,"Animation, Adventure, Drama",Tomm Moore,"David Rawle, Brendan Gleeson, Lisa Hannigan",8.0,85.0,"65,032","$857,522"
Leon: The Professional (1994),1994,,104 min,Talk-Show,,"Colin Boyd, Dave Harris, Marcus Kazmierczak",,,,No info
Fargo,1996,R,98 min,"Crime, Drama, Thriller","Joel Coen, Ethan Coen","William H. Macy, Frances McDormand, Steve Buscemi",8.1,88.0,"753,704","$24,611,975"
Solaris,1972,PG,167 min,"Drama, Mystery, Sci-Fi",Andrei Tarkovsky,"Natalya Bondarchuk, Donatas Banionis, Jüri Järvet",7.9,93.0,"100,991","$22,168"
Sweet Smell of Success,1957,Approved,96 min,"Drama, Film-Noir",Alexander Mackendrick,"Burt Lancaster, Tony Curtis, Susan Harrison",8.0,100.0,"37,209",No info
For a Few Dollars More,1965,R,132 min,"Drama, Western",Sergio Leone,"Clint Eastwood, Lee Van Cleef, Gian Maria Volontè",8.2,74.0,"287,126","$15,000,000"
White Heat,1949,Approved,114 min,"Action, Crime, Drama",Raoul Walsh,"James Cagney, Virginia Mayo, Edmond O'Brien",8.1,89.0,"36,883",No info
Brief Encounter,1945,Approved,86 min,"Drama, Romance",David Lean,"Celia Johnson, Trevor Howard, Stanley Holloway",8.0,92.0,"45,780",No info
Wings of Desire,1987,PG-13,128 min,"Drama, Fantasy, Romance",Wim Wenders,"Bruno Ganz, Solveig Dommartin, Otto Sander",7.9,79.0,"80,436","$3,333,969"
Les Diaboliques-Remix,2018,,45 min,"Drama, Thriller",Hugues Sanchez,,,,,No info
An Autumn Afternoon,1962,Not Rated,113 min,Drama,Yasujirô Ozu,"Chishû Ryû, Shima Iwashita, Keiji Sada",8.0,91.0,"11,140",No info
The Tale of The Princess Kaguya,2013,PG,137 min,"Animation, Drama, Family",Isao Takahata,"Chloë Grace Moretz, James Caan, Mary Steenburgen",8.0,89.0,"57,647","$974,913"
Amarcord,1973,R,123 min,"Comedy, Drama",Federico Fellini,"Magali Noël, Bruno Zanin, Pupella Maggio",7.8,,"48,787","$125,493"
313: Heat (1995),1995,,,,,,,,,No info
L'Atalante,1934,Not Rated,89 min,"Comedy, Drama, Romance",Jean Vigo,"Dita Parlo, Jean Dasté, Gilles Margaritis",7.7,,"17,844",No info
Django Unchained,2012,R,165 min,"Comedy, Drama, Western",Quentin Tarantino,"Jamie Foxx, Christoph Waltz, Leonardo DiCaprio",8.5,81.0,"1,763,019","$162,805,434"
"Jeanne Dielman, 23, quai du commerce, 1080 Bruxelles",1975,Not Rated,202 min,Drama,Chantal Akerman,"Delphine Seyrig, Jan Decorte, Henri Storck",7.5,94.0,"14,961","$19,858"
Kind Hearts and Coronets,1949,Approved,106 min,"Comedy, Crime",Robert Hamer,"Dennis Price, Alec Guinness, Valerie Hobson",8.0,,"40,396","$35,948"
Dog Day Afternoon,1975,R,125 min,"Biography, Crime, Drama",Sidney Lumet,"Al Pacino, John Cazale, Penelope Allen",8.0,86.0,"279,441","$50,000,000"
Forbidden Games,1952,Not Rated,86 min,"Drama, War",René Clément,"Georges Poujouly, Brigitte Fossey, Amédée",8.0,,"13,419","$19,889"
The Crowd,1928,Not Rated,98 min,"Drama, Romance",King Vidor,"Eleanor Boardman, James Murray, Bert Roach",8.1,,"9,436",No info
Notorious,1946,Approved,102 min,"Drama, Film-Noir, Romance",Alfred Hitchcock,"Cary Grant, Ingrid Bergman, Claude Rains",7.9,100.0,"109,703",No info
Mary and Max,2009,Not Rated,92 min,"Animation, Comedy, Drama",Adam Elliot,"Toni Collette, Philip Seymour Hoffman, Eric Bana",8.1,72.0,"195,504",No info
Persepolis,2007,PG-13,96 min,"Animation, Biography, Drama","Vincent Paronnaud, Marjane Satrapi","Chiara Mastroianni, Catherine Deneuve, Gena Rowlands",8.0,90.0,"102,680","$4,445,756"
Howl's Moving Castle,2004,PG,119 min,"Animation, Adventure, Family",Hayao Miyazaki,"Chieko Baishô, Takuya Kimura, Tatsuya Gashûin",8.2,82.0,"480,420","$9,173,958"
Behind the Microphone: Nausicaa of the Valley of the Wind,2005,,,Short,,"Mark Hamill, Shia LaBeouf, Alison Lohman, Edward James Olmos",7.8,,20,No info
Safety Last!,1923,Not Rated,74 min,"Action, Comedy, Thriller","Fred C. Newmeyer, Sam Taylor","Harold Lloyd, Mildred Davis, Bill Strother",8.1,,"23,503",No info
Rosemary's Baby,1968,R,137 min,"Drama, Horror",Roman Polanski,"Mia Farrow, John Cassavetes, Ruth Gordon",8.0,96.0,"246,880",No info
L'Avventura,1960,Not Rated,144 min,"Drama, Mystery, Romance",Michelangelo Antonioni,"Gabriele Ferzetti, Monica Vitti, Lea Massari",7.7,,"34,571",No info
The Searchers,1956,Approved,119 min,"Adventure, Drama, Western",John Ford,"John Wayne, Jeffrey Hunter, Vera Miles",7.8,94.0,"99,240",No info
La haine,1995,Not Rated,98 min,"Crime, Drama",Mathieu Kassovitz,"Vincent Cassel, Hubert Koundé, Saïd Taghmaoui",8.1,,"210,325","$280,859"
Three Colors: Blue,1993,R,98 min,"Drama, Music, Mystery",Krzysztof Kieslowski,"Juliette Binoche, Zbigniew Zamachowski, Julie Delpy",7.8,87.0,"114,860","$1,324,974"
Chungking Express,1994,PG-13,102 min,"Comedy, Crime, Drama",Wong Kar-Wai,"Brigitte Lin, Takeshi Kaneshiro, Tony Leung Chiu-wai",7.9,78.0,"103,152","$600,200"
Inside Out,2015,PG,95 min,"Animation, Adventure, Comedy","Pete Docter, Ronnie Del Carmen","Amy Poehler, Bill Hader, Lewis Black",8.1,94.0,"862,834","$356,461,711"
On Solace: Video Essay for Cries and Whispers,2015,,13 min,"Documentary, Short",Kogonada,,,,7,No info
Napoleon,2023,R,158 min,"Action, Adventure, Biography",Ridley Scott,"Joaquin Phoenix, Vanessa Kirby, Tahar Rahim",6.3,64.0,"164,598","$61,524,375"
Paper Moon,1973,PG,102 min,"Comedy, Crime, Drama",Peter Bogdanovich,"Ryan O'Neal, Tatum O'Neal, Madeline Kahn",8.1,77.0,"54,159",No info
The Spirit of the Beehive,1973,Not Rated,98 min,"Drama, Fantasy",Víctor Erice,"Fernando Fernán Gómez, Teresa Gimpera, Ana Torrent",7.8,87.0,"21,262",No info
A Special Day,1977,Approved,103 min,Drama,Ettore Scola,"Sophia Loren, Marcello Mastroianni, John Vernon",8.1,,"16,698",No info
Nostalghia,1983,Not Rated,125 min,Drama,Andrei Tarkovsky,"Oleg Yankovskiy, Erland Josephson, Domiziana Giordano",7.9,,"30,964","$303,022"
Network,1976,R,121 min,Drama,Sidney Lumet,"Faye Dunaway, William Holden, Peter Finch",8.1,83.0,"176,692","$23,689,877"
L'Eclisse,1962,Not Rated,126 min,"Drama, Romance",Michelangelo Antonioni,"Monica Vitti, Alain Delon, Francisco Rabal",7.7,,"22,903",No info
Mr. Smith Goes to Washington,1939,Approved,129 min,"Comedy, Drama",Frank Capra,"James Stewart, Jean Arthur, Claude Rains",8.1,73.0,"124,502","$144,738"
Sanjuro,1962,Not Rated,96 min,"Action, Drama, Thriller",Akira Kurosawa,"Toshirô Mifune, Tatsuya Nakadai, Keiju Kobayashi",8.0,,"42,208","$46,808"
Badlands,1973,PG,94 min,"Action, Crime, Drama",Terrence Malick,"Martin Sheen, Sissy Spacek, Warren Oates",7.7,94.0,"80,807",No info
Vivre sa vie,1962,Not Rated,85 min,Drama,Jean-Luc Godard,"Anna Karina, Sady Rebbot, André S. Labarthe",7.8,,"36,059","$24,517"
Nobody Knows,2004,PG-13,141 min,Drama,Hirokazu Koreeda,"Yûya Yagira, Ayu Kitaura, Hiei Kimura",8.0,88.0,"32,976","$684,118"
No Country for Old Men,2007,R,122 min,"Crime, Drama, Thriller","Ethan Coen, Joel Coen","Tommy Lee Jones, Javier Bardem, Josh Brolin",8.2,92.0,"1,112,499","$74,283,625"
"Spring, Summer, Fall, Winter... and Spring",2003,R,103 min,"Drama, Romance",Kim Ki-duk,"Kim Ki-duk, Oh Yeong-su, Jong-ho Kim",8.0,85.0,"88,065","$2,380,788"
La Notte,1961,Not Rated,122 min,Drama,Michelangelo Antonioni,"Jeanne Moreau, Marcello Mastroianni, Monica Vitti",7.9,,"24,773","$39,236"
The Celebration,1998,R,105 min,Drama,Thomas Vinterberg,"Ulrich Thomsen, Henning Moritzen, Thomas Bo Larsen",8.0,82.0,"95,318","$1,656,223"
In the Name of the Father,1993,R,133 min,"Biography, Crime, Drama",Jim Sheridan,"Daniel Day-Lewis, Pete Postlethwaite, Alison Crosbie",8.1,84.0,"194,543","$25,096,862"
I Am a Fugitive from a Chain Gang,1932,Approved,92 min,"Crime, Drama, Film-Noir",Mervyn LeRoy,"Paul Muni, Glenda Farrell, Helen Vinson",8.2,,"14,860",No info
Shoplifters,2018,R,121 min,"Crime, Drama, Thriller",Hirokazu Koreeda,"Lily Franky, Sakura Andô, Kirin Kiki",7.9,93.0,"89,783","$3,313,513"
Finding Nemo,2003,G,100 min,"Animation, Adventure, Comedy","Andrew Stanton, Lee Unkrich","Albert Brooks, Ellen DeGeneres, Alexander Gould",8.2,90.0,"1,157,141","$380,843,261"
Z,1969,M/PG,127 min,"Crime, Drama, Thriller",Costa-Gavras,"Yves Montand, Irene Papas, Jean-Louis Trintignant",8.1,86.0,"32,517","$83,305"
The Phantom Carriage,1921,Not Rated,107 min,"Drama, Fantasy, Horror",Victor Sjöström,"Victor Sjöström, Hilda Borgström, Tore Svennberg",8.0,,"14,785",No info
Manhattan,1979,R,96 min,"Comedy, Drama, Romance",Woody Allen,"Woody Allen, Diane Keaton, Mariel Hemingway",7.8,83.0,"150,057","$39,946,780"
"Rome, Open City",1945,Not Rated,103 min,"Drama, Thriller, War",Roberto Rossellini,"Anna Magnani, Aldo Fabrizi, Marcello Pagliero",8.0,,"29,951",No info
Children of Heaven,1997,PG,89 min,"Drama, Family, Sport",Majid Majidi,"Reza Naji, Amir Farrokh Hashemian, Bahare Seddiqi",8.2,77.0,"84,868","$933,933"
The Green Mile,1999,R,189 min,"Crime, Drama, Fantasy",Frank Darabont,"Tom Hanks, Michael Clarke Duncan, David Morse",8.6,61.0,"1,479,139","$136,801,374"
The Iron Giant,1999,PG,86 min,"Animation, Action, Adventure",Brad Bird,"Eli Marienthal, Harry Connick Jr., Jennifer Aniston",8.1,85.0,"241,534","$23,315,035"
The Sacrifice,1986,PG,149 min,Drama,Andrei Tarkovsky,"Erland Josephson, Susan Fleetwood, Allan Edwall",7.9,85.0,"32,627","$200,506"
The Philadelphia Story,1940,Approved,112 min,"Comedy, Romance",George Cukor,"Cary Grant, Katharine Hepburn, James Stewart",7.8,96.0,"75,972","$404,524"
The Twilight Samurai,2002,,129 min,"Drama, Romance",Yôji Yamada,"Hiroyuki Sanada, Rie Miyazawa, Nenji Kobayashi",8.1,82.0,"26,098","$559,765"
Before Sunset,2004,R,80 min,"Drama, Romance",Richard Linklater,"Ethan Hawke, Julie Delpy, Vernon Dobtcheff",8.1,91.0,"297,233","$5,820,649"
Before Sunrise,1995,R,101 min,"Drama, Romance",Richard Linklater,"Ethan Hawke, Julie Delpy, Andrea Eckert",8.1,78.0,"351,243","$5,535,405"
Castle in the Sky,1986,PG,124 min,"Animation, Adventure, Family",Hayao Miyazaki,"Mayumi Tanaka, Keiko Yokozawa, Kotoe Hatsui",8.0,78.0,"190,489","$523,664"
The Departed,2006,R,151 min,"Crime, Drama, Thriller",Martin Scorsese,"Leonardo DiCaprio, Matt Damon, Jack Nicholson",8.5,85.0,"1,481,779","$132,399,394"
Brazil,1985,R,132 min,"Drama, Sci-Fi, Thriller",Terry Gilliam,"Jonathan Pryce, Kim Greist, Robert De Niro",7.8,84.0,"215,249","$9,929,135"
Incendies,2010,R,131 min,"Drama, Mystery, War",Denis Villeneuve,"Lubna Azabal, Mélissa Désormeaux-Poulin, Maxim Gaudette",8.3,80.0,"223,004","$2,071,334"
The Maltese Falcon,1941,Approved,100 min,"Crime, Drama, Film-Noir",John Huston,"Humphrey Bogart, Mary Astor, Gladys George",7.9,97.0,"170,325","$18,180"
The Lobster (2015)/The Wizard of Oz (1939) - 92 Movie Buff Specialists (Ep 9),2015,,,,,,,,,No info
Le Cercle Rouge,2021,,1 min,"Animation, Short",Iulia Voitova,,,,,No info
Monsieur Verdoux,1947,Approved,124 min,"Comedy, Crime, Drama",Charles Chaplin,"Charles Chaplin, Mady Correll, Allison Roddan",7.8,,"19,567","$64,636"
The Return,2003,Not Rated,110 min,Drama,Andrey Zvyagintsev,"Vladimir Garin, Ivan Dobronravov, Konstantin Lavronenko",7.9,82.0,"48,111","$504,256"
"Secrets, Lies & Private Eyes",2021–,,,Documentary,,"Heather Cohen, Amy Gadd, Sheila McPhilamy",7.3,,47,No info
The Hidden Fortress,1958,Not Rated,126 min,"Adventure, Drama",Akira Kurosawa,"Toshirô Mifune, Misa Uehara, Minoru Chiaki",8.0,89.0,"43,933","$46,808"
Pan's Labyrinth,2006,R,118 min,"Drama, Fantasy, War",Guillermo del Toro,"Ivana Baquero, Ariadna Gil, Sergi López",8.2,98.0,"717,176","$37,646,380"
Amelie,2017,,,Short,"Aurore Damant, Aurore Deman",Marie Carrour,,,,No info
Ben-Hur,1959,G,212 min,"Adventure, Drama",William Wyler,"Charlton Heston, Jack Hawkins, Stephen Boyd",8.1,90.0,"261,076","$74,432,704"
Fitzcarraldo,1982,PG,158 min,"Adventure, Drama",Werner Herzog,"Klaus Kinski, Claudia Cardinale, José Lewgoy",8.0,,"39,984",No info
American History X,1998,R,119 min,"Crime, Drama",Tony Kaye,"Edward Norton, Edward Furlong, Beverly D'Angelo",8.5,62.0,"1,227,630","$6,719,864"
Ace in the Hole,1951,Approved,111 min,"Drama, Film-Noir",Billy Wilder,"Kirk Douglas, Jan Sterling, Robert Arthur",8.1,72.0,"40,295",No info
Capernaum,2018,R,126 min,Drama,Nadine Labaki,"Zain Al Rafeea, Yordanos Shiferaw, Boluwatife Treasure Bankole",8.4,75.0,"115,409","$1,661,096"
Still Walking,2008,Not Rated,115 min,Drama,Hirokazu Koreeda,"Hiroshi Abe, Yui Natsukawa, You",7.9,89.0,"19,741","$167,047"
All About My Mother,1999,R,101 min,"Comedy, Drama, Romance",Pedro Almodóvar,"Cecilia Roth, Marisa Paredes, Candela Peña",7.8,87.0,"106,136","$8,344,738"
The Discreet Charm of the Bourgeoisie,1972,PG,102 min,"Comedy, Drama, Fantasy",Luis Buñuel,"Fernando Rey, Delphine Seyrig, Paul Frankeur",7.8,93.0,"47,825","$82,471"
Platoon,1986,R,120 min,"Drama, War",Oliver Stone,"Charlie Sheen, Tom Berenger, Willem Dafoe",8.1,92.0,"453,199","$138,530,565"
Farewell My Concubine,1993,R,171 min,"Drama, Music, Romance",Kaige Chen,"Leslie Cheung, Fengyi Zhang, Gong Li",8.1,83.0,"34,245","$5,549,086"
Letter from an Unknown Woman,1948,Approved,87 min,"Drama, Romance",Max Ophüls,"Joan Fontaine, Louis Jourdan, Mady Christians",7.9,,"14,139",No info
The Grand Budapest Hotel,2014,R,99 min,"Adventure, Comedy, Crime",Wes Anderson,"Ralph Fiennes, F. Murray Abraham, Mathieu Amalric",8.1,88.0,"915,710","$59,301,324"
The Virgin Spring,1960,Not Rated,89 min,Drama,Ingmar Bergman,"Max von Sydow, Birgitta Valberg, Gunnel Lindblom",8.0,,"32,583",No info
The Red Balloon,1956,Not Rated,34 min,"Short, Comedy, Drama",Albert Lamorisse,"Pascal Lamorisse, Sabine Lamorisse, Georges Sellier",8.1,,"20,715","$34,570"
Stagecoach,1939,Approved,96 min,"Adventure, Drama, Western",John Ford,"John Wayne, Claire Trevor, Andy Devine",7.8,93.0,"55,498",No info
Mulholland Drive,2001,R,147 min,"Drama, Mystery, Thriller",David Lynch,"Naomi Watts, Laura Harring, Justin Theroux",7.9,87.0,"403,997","$7,220,243"
A Matter of Life and Death,1946,PG,104 min,"Drama, Fantasy, Romance","Michael Powell, Emeric Pressburger","David Niven, Kim Hunter, Robert Coote",8.0,,"25,946",No info
High Noon,1952,PG,85 min,"Drama, Thriller, Western",Fred Zinnemann,"Gary Cooper, Grace Kelly, Thomas Mitchell",7.9,89.0,"113,334",No info
Orpheus,1950,Not Rated,112 min,"Drama, Fantasy, Romance",Jean Cocteau,"Jean Marais, François Périer, María Casares",7.9,,"13,716",No info
Monty Python's Life of Brian,1979,R,94 min,Comedy,Terry Jones,"Graham Chapman, John Cleese, Michael Palin",8.0,77.0,"425,767","$20,206,622"
Casino,1995,R,178 min,"Crime, Drama",Martin Scorsese,"Robert De Niro, Sharon Stone, Joe Pesci",8.2,73.0,"587,997","$42,512,375"
Kagemusha: The Shadow Warrior,1980,PG,162 min,"Drama, History, War",Akira Kurosawa,"Tatsuya Nakadai, Tsutomu Yamazaki, Ken'ichi Hagiwara",7.9,84.0,"39,515","$4,000,000"
Butch Cassidy and the Sundance Kid,1969,PG,110 min,"Biography, Crime, Drama",George Roy Hill,"Paul Newman, Robert Redford, Katharine Ross",8.0,66.0,"231,870","$102,308,889"
In a Lonely Place,1950,Approved,94 min,"Drama, Film-Noir, Mystery",Nicholas Ray,"Humphrey Bogart, Gloria Grahame, Frank Lovejoy",7.9,,"36,803",No info
Unqualified Observers 47: Scarface (1983) with Special Guests Reg! and Playmaker from Stimpson Ain't Easy,1983,,,,,,,,,No info
A Short Film About Killing,1988,Not Rated,84 min,"Crime, Drama",Krzysztof Kieslowski,"Miroslaw Baka, Krzysztof Globisz, Jan Tesarz",8.0,,"23,178",No info
238: Lethal Weapon (1987) & Green Room (2015),1987,,,,,,,,,No info
Beauty and the Beast,1991,G,84 min,"Animation, Family, Fantasy","Gary Trousdale, Kirk Wise","Paige O'Hara, Robby Benson, Jesse Corti",8.0,95.0,"492,170","$218,967,620"
The Hustler,1961,Approved,134 min,"Drama, Sport",Robert Rossen,"Paul Newman, Jackie Gleason, Piper Laurie",7.9,90.0,"88,252",No info
Cléo from 5 to 7,1962,Not Rated,90 min,"Comedy, Drama, Music",Agnès Varda,"Corinne Marchand, Antoine Bourseiller, Dominique Davray",7.8,87.0,"28,861",No info
Mad Max: Fury Road,2015,R,120 min,"Action, Adventure, Sci-Fi",George Miller,"Tom Hardy, Charlize Theron, Nicholas Hoult",8.1,90.0,"1,151,388","$154,280,290"
"Steamboat Bill, Jr.",1928,Not Rated,70 min,"Action, Comedy, Drama","Charles Reisner, Buster Keaton","Buster Keaton, Tom McGuire, Ernest Torrence",7.8,,"16,421",No info
Judgment at Nuremberg,1961,Approved,179 min,"Drama, War",Stanley Kramer,"Spencer Tracy, Burt Lancaster, Richard Widmark",8.3,60.0,"88,994",No info
The Straight Story,1999,G,112 min,"Biography, Drama",David Lynch,"Richard Farnsworth, Sissy Spacek, Jane Galloway Heitz",8.0,86.0,"103,218","$6,203,044"
Meshes of the Afternoon,1943,Not Rated,14 min,"Short, Fantasy, Mystery","Maya Deren, Alexander Hammid","Maya Deren, Alexander Hammid",7.8,,"15,588",No info
Alice in the Cities,1974,Not Rated,113 min,Drama,Wim Wenders,"Yella Rottländer, Rüdiger Vogler, Lisa Kreuzer",7.9,78.0,"13,847",No info
Akira,1988,R,124 min,"Animation, Drama, Fantasy",Katsuhiro Ôtomo,"Mitsuo Iwata, Nozomu Sasaki, Mami Koyama",8.0,68.0,"211,413","$553,171"
Good Will Hunting,1997,R,126 min,"Drama, Romance",Gus Van Sant,"Robin Williams, Matt Damon, Ben Affleck",8.3,71.0,"1,132,382","$138,433,435"
The Miracle Worker,1962,Approved,106 min,"Biography, Drama",Arthur Penn,"Anne Bancroft, Patty Duke, Victor Jory",8.1,83.0,"21,082",No info
Talk to Her,2002,R,112 min,"Drama, Mystery, Romance",Pedro Almodóvar,"Rosario Flores, Javier Cámara, Darío Grandinetti",7.9,86.0,"119,250","$9,357,911"
The Graduate,1967,PG,106 min,"Comedy, Drama, Romance",Mike Nichols,"Dustin Hoffman, Anne Bancroft, Katharine Ross",8.0,83.0,"293,830","$104,945,305"
Beauty and the Beast (1991),1991,,,Talk-Show,,,,,,No info
The Heiress,1949,Approved,115 min,"Drama, Romance",William Wyler,"Olivia de Havilland, Montgomery Clift, Ralph Richardson",8.1,,"17,772",No info
Fantasia,1940,G,124 min,"Animation, Family, Fantasy","James Algar, Samuel Armstrong, Ford Beebe Jr.","Leopold Stokowski, Deems Taylor, The Philadelphia Orchestra",7.7,96.0,"107,357","$76,408,097"
Au Revoir les Enfants,1987,PG,104 min,"Drama, War",Louis Malle,"Gaspard Manesse, Raphael Fejtö, Francine Racette",8.0,88.0,"36,834","$4,542,825"
"Three Billboards Outside Ebbing, Missouri",2017,R,115 min,"Comedy, Crime, Drama",Martin McDonagh,"Frances McDormand, Woody Harrelson, Sam Rockwell",8.1,88.0,"574,280","$54,513,740"
Inglourious Basterds,2009,R,153 min,"Adventure, Drama, War",Quentin Tarantino,"Brad Pitt, Diane Kruger, Eli Roth",8.4,69.0,"1,662,676","$120,540,719"
Elevator to the Gallows,1958,Not Rated,91 min,"Crime, Drama, Thriller",Louis Malle,"Jeanne Moreau, Maurice Ronet, Georges Poujouly",7.9,94.0,"29,551","$374,671"
Braveheart (1995) vs. Gladiator (2000),1995,,,Documentary,"Jason Colvin, James Dee Graves","Jason Colvin, James Dee Graves",,,,No info
Through a Glass Darkly,1961,Not Rated,90 min,Drama,Ingmar Bergman,"Harriet Andersson, Gunnar Björnstrand, Max von Sydow",7.9,84.0,"28,042",No info
Million Dollar Baby,2004,PG-13,132 min,"Drama, Sport",Clint Eastwood,"Hilary Swank, Clint Eastwood, Morgan Freeman",8.1,86.0,"738,878","$100,492,203"
Days of Heaven,1978,PG,94 min,"Drama, Romance",Terrence Malick,"Richard Gere, Brooke Adams, Sam Shepard",7.7,94.0,"64,822","$3,446,749"
Do the Right Thing,1989,R,120 min,"Comedy, Drama",Spike Lee,"Danny Aiello, Ossie Davis, Ruby Dee",7.9,93.0,"116,307","$27,545,445"
Out of the Past,1947,Approved,97 min,"Crime, Drama, Film-Noir",Jacques Tourneur,"Robert Mitchum, Jane Greer, Kirk Douglas",8.0,85.0,"41,771",No info
Strangers on a Train,1951,PG,101 min,"Crime, Drama, Film-Noir",Alfred Hitchcock,"Farley Granger, Robert Walker, Ruth Roman",7.9,88.0,"145,316","$26,597"
Blue Velvet,1986,R,120 min,"Crime, Drama, Mystery",David Lynch,"Isabella Rossellini, Kyle MacLachlan, Dennis Hopper",7.7,75.0,"226,635","$8,551,228"
That Obscure Object of Desire,1977,R,103 min,"Comedy, Drama, Romance",Luis Buñuel,"Fernando Rey, Carole Bouquet, Ángela Molina",7.8,84.0,"25,516",No info
What Ever Happened to Baby Jane?,1962,Approved,134 min,"Drama, Horror, Thriller",Robert Aldrich,"Bette Davis, Joan Crawford, Victor Buono",8.0,75.0,"63,551",No info
My Night at Maud's,1969,GP,105 min,"Comedy, Drama, Romance",Éric Rohmer,"Jean-Louis Trintignant, Françoise Fabian, Marie-Christine Barrault",7.8,,"14,935",No info
The Earrings of Madame De...,1953,Not Rated,105 min,"Drama, Romance",Max Ophüls,"Charles Boyer, Danielle Darrieux, Vittorio De Sica",7.9,,"11,355","$130,561"
The Conversation,1974,PG,113 min,"Drama, Mystery, Thriller",Francis Ford Coppola,"Gene Hackman, John Cazale, Allen Garfield",7.7,88.0,"130,098","$4,852,199"
Marriage Story,2019,R,137 min,"Drama, Romance",Noah Baumbach,"Adam Driver, Scarlett Johansson, Julia Greer",7.9,94.0,"358,019",No info
The Killing,2011–2014,TV-14,45 min,"Crime, Drama, Mystery",,"Mireille Enos, Joel Kinnaman, Billy Campbell",8.3,,"126,715",No info
The Servant,1963,Unrated,116 min,Drama,Joseph Losey,"Dirk Bogarde, Sarah Miles, Wendy Craig",7.8,94.0,"14,606","$45,522"
The Intouchables,2011,R,112 min,"Comedy, Drama","Olivier Nakache, Éric Toledano","François Cluzet, Omar Sy, Anne Le Ny",8.5,57.0,"963,528","$10,198,820"
The Life and Death of Colonel Blimp,1943,Approved,163 min,"Drama, Romance, War","Michael Powell, Emeric Pressburger","Roger Livesey, Deborah Kerr, Anton Walbrook",8.0,,"17,045",No info
Jaws,1975,PG,124 min,"Adventure, Drama, Horror",Steven Spielberg,"Roy Scheider, Robert Shaw, Richard Dreyfuss",8.1,87.0,"689,820","$267,263,625"
Winter Light,1963,Not Rated,81 min,Drama,Ingmar Bergman,"Ingrid Thulin, Gunnar Björnstrand, Gunnel Lindblom",8.0,,"27,834",No info
Love Exposure,2008,Unrated,237 min,"Action, Comedy, Drama",Sion Sono,"Takahiro Nishijima, Hikari Mitsushima, Sakura Andô",8.0,78.0,"16,682",No info
Hiroshima Mon Amour,1959,Not Rated,90 min,"Drama, Romance",Alain Resnais,"Emmanuelle Riva, Eiji Okada, Stella Dassas",7.8,,"37,371","$96,439"
Day for Night,1973,PG,116 min,"Comedy, Drama, Romance",François Truffaut,"Jacqueline Bisset, Jean-Pierre Léaud, François Truffaut",8.0,,"25,226",$509
Ratatouille,2007,G,111 min,"Animation, Adventure, Comedy","Brad Bird, Jan Pinkava","Brad Garrett, Lou Romano, Patton Oswalt",8.1,96.0,"875,534","$206,445,654"
Ghost in the Shell,2017,PG-13,107 min,"Action, Crime, Drama",Rupert Sanders,"Scarlett Johansson, Pilou Asbæk, Takeshi Kitano",6.3,52.0,"233,381","$40,563,557"
Germany Year Zero,1948,Not Rated,78 min,Drama,Roberto Rossellini,"Edmund Moeschke, Ernst Pittschau, Ingetraud Hinze",7.8,,"14,318",No info
Spotlight,2015,R,129 min,"Biography, Crime, Drama",Tom McCarthy,"Mark Ruffalo, Michael Keaton, Rachel McAdams",8.1,93.0,"514,090","$45,055,776"
Die Hard,1988,R,132 min,"Action, Thriller",John McTiernan,"Bruce Willis, Alan Rickman, Bonnie Bedelia",8.2,72.0,"987,460","$85,892,546"
Laura,1944,Approved,88 min,"Drama, Film-Noir, Mystery","Otto Preminger, Rouben Mamoulian","Gene Tierney, Dana Andrews, Clifton Webb",7.9,,"52,736",No info
Sleuth,1972,PG,138 min,"Mystery, Thriller",Joseph L. Mankiewicz,"Laurence Olivier, Michael Caine, Alec Cawthorne",7.9,,"50,869","$4,081,254"
The Diving Bell and the Butterfly,2007,PG-13,112 min,"Biography, Drama",Julian Schnabel,"Mathieu Amalric, Emmanuelle Seigner, Marie-Josée Croze",8.0,92.0,"111,092","$6,003,227"
The Handmaiden,2016,Not Rated,145 min,"Drama, Romance, Thriller",Park Chan-wook,"Kim Min-hee, Ha Jung-woo, Cho Jin-woong",8.1,85.0,"185,830","$2,006,788"
Stand by Me,1986,R,89 min,"Adventure, Comedy, Drama",Rob Reiner,"Wil Wheaton, River Phoenix, Corey Feldman",8.1,75.0,"462,434","$52,287,414"
Wolf Children,2012,PG,117 min,"Animation, Drama, Family",Mamoru Hosoda,"Aoi Miyazaki, Takao Osawa, Haru Kuroki",8.1,76.0,"51,984",No info
Shoeshine,1946,Not Rated,91 min,Drama,Vittorio De Sica,"Rinaldo Smordoni, Franco Interlenghi, Annielo Mele",8.0,,"8,271","$34,677"
Freaks,1932,Not Rated,64 min,"Drama, Horror",Tod Browning,"Wallace Ford, Leila Hyams, Olga Baclanova",7.8,80.0,"52,525",No info
Nosferatu,2024,R,132 min,"Fantasy, Horror, Mystery",Robert Eggers,"Lily-Rose Depp, Nicholas Hoult, Bill Skarsgård",7.3,78.0,"189,743","$95,608,235"
Dial M for Murder,1954,PG,105 min,"Crime, Drama, Mystery",Alfred Hitchcock,"Ray Milland, Grace Kelly, Robert Cummings",8.2,75.0,"196,567","$24,845"
Amour,2012,PG-13,127 min,Drama,Michael Haneke,"Jean-Louis Trintignant, Emmanuelle Riva, Isabelle Huppert",7.9,95.0,"107,129","$6,739,492"
12 Years a Slave,2013,R,134 min,"Biography, Drama, History",Steve McQueen,"Chiwetel Ejiofor, Michael Kenneth Williams, Michael Fassbender",8.1,96.0,"759,306","$56,671,993"
The Nightmare Before Christmas,1993,PG,76 min,"Animation, Family, Fantasy",Henry Selick,"Danny Elfman, Chris Sarandon, Catherine O'Hara",7.9,82.0,"394,577","$93,745,329"
Cabaret,1972,PG,124 min,"Drama, Music, Musical",Bob Fosse,"Liza Minnelli, Michael York, Helmut Griem",7.8,80.0,"61,681",No info
Central Station,1998,R,110 min,Drama,Walter Salles,"Fernanda Montenegro, Vinícius de Oliveira, Marília Pêra",8.0,80.0,"44,366","$5,969,553"
Landscape in the Mist,1988,TV-MA,127 min,Drama,Theodoros Angelopoulos,"Michalis Zeke, Tania Palaiologou, Stratos Tzortzoglou",7.9,,"10,049",No info
1917,2019,R,119 min,"Action, Drama, War",Sam Mendes,"Dean-Charles Chapman, George MacKay, Daniel Mays",8.2,78.0,"725,123","$159,227,644"
Call Me by Your Name,2017,R,132 min,"Drama, Romance",Luca Guadagnino,"Timothée Chalamet, Armie Hammer, Michael Stuhlbarg",7.8,94.0,"333,865","$18,095,701"
Midnight Cowboy,1969,R,113 min,Drama,John Schlesinger,"Dustin Hoffman, Jon Voight, Sylvia Miles",7.8,79.0,"123,498","$44,785,053"
Shadow of a Doubt,1943,PG,108 min,"Film-Noir, Thriller",Alfred Hitchcock,"Teresa Wright, Joseph Cotten, Macdonald Carey",7.8,94.0,"72,106",No info
Interstellar,2014,PG-13,169 min,"Adventure, Drama, Sci-Fi",Christopher Nolan,"Matthew McConaughey, Anne Hathaway, Jessica Chastain",8.7,74.0,"2,301,429","$203,227,580"
Hannah and Her Sisters,1986,PG-13,107 min,"Comedy, Drama",Woody Allen,"Mia Farrow, Dianne Wiest, Michael Caine",7.8,90.0,"78,894","$40,084,041"
"Monsters, Inc.",2001,G,92 min,"Animation, Adventure, Comedy","Pete Docter, David Silverman, Lee Unkrich","Billy Crystal, John Goodman, Mary Gibbs",8.1,79.0,"1,017,055","$290,642,256"
The Testament of Dr. Mabuse,1933,Not Rated,122 min,"Crime, Mystery, Thriller",Fritz Lang,"Rudolf Klein-Rogge, Otto Wernicke, Thomy Bourdelle",7.9,,"13,851",No info
Downfall,2004,R,156 min,"Biography, Drama, History",Oliver Hirschbiegel,"Bruno Ganz, Alexandra Maria Lara, Ulrich Matthes",8.2,82.0,"387,266","$5,509,040"
Being There,1979,PG,130 min,"Comedy, Drama",Hal Ashby,"Peter Sellers, Shirley MacLaine, Melvyn Douglas",7.9,83.0,"80,150","$30,177,511"
The Killer,2023,R,118 min,"Action, Adventure, Crime",David Fincher,"Michael Fassbender, Tilda Swinton, Charles Parnell",6.7,73.0,"207,922",No info
My Left Foot,1989,R,103 min,"Biography, Drama",Jim Sheridan,"Daniel Day-Lewis, Brenda Fricker, Alison Whelan",7.8,97.0,"81,688","$14,743,391"
Jean de Florette,1986,PG,120 min,"Comedy, Drama",Claude Berri,"Yves Montand, Gérard Depardieu, Daniel Auteuil",8.1,,"28,026","$4,940,939"
The Big Lebowski,1998,R,117 min,"Comedy, Crime","Joel Coen, Ethan Coen","Jeff Bridges, John Goodman, Julianne Moore",8.1,71.0,"886,030","$19,488,923"
The King's Speech,2010,R,118 min,"Biography, Drama, History",Tom Hooper,"Colin Firth, Geoffrey Rush, Helena Bonham Carter",8.0,88.0,"717,579","$138,797,449"
Whisper of the Heart,1995,G,111 min,"Animation, Drama, Family",Yoshifumi Kondô,"Yoko Honna, Issei Takahashi, Takashi Tachibana",7.8,75.0,"76,913","$498,156"
E.T. the Extra-Terrestrial,1982,PG,115 min,"Adventure, Family, Sci-Fi",Steven Spielberg,"Henry Thomas, Drew Barrymore, Peter Coyote",7.9,92.0,"451,476","$439,454,989"
Infernal Affairs,2002,R,101 min,"Crime, Drama, Mystery","Wai Keung Lau, Alan Mak","Andy Lau, Tony Leung Chiu-wai, Anthony Chau-Sang Wong",8.0,75.0,"134,131","$169,659"
The Prestige,2006,PG-13,130 min,"Drama, Mystery, Sci-Fi",Christopher Nolan,"Christian Bale, Hugh Jackman, Scarlett Johansson",8.5,66.0,"1,503,268","$53,089,891"
Our Hospitality,1923,Passed,65 min,"Comedy, Romance, Thriller","John G. Blystone, Buster Keaton","Buster Keaton, Natalie Talmadge, Joe Keaton",7.8,,"12,846","$1,172,499"
Zootopia,2016,PG,108 min,"Animation, Action, Adventure","Byron Howard, Rich Moore, Jared Bush","Ginnifer Goodwin, Jason Bateman, Idris Elba",8.0,78.0,"577,006","$341,268,248"
Toy Story 2,1999,G,92 min,"Animation, Adventure, Comedy","John Lasseter, Ash Brannon, Lee Unkrich","Tom Hanks, Tim Allen, Joan Cusack",7.9,88.0,"643,210","$245,852,179"
Klaus,2019,PG,96 min,"Animation, Adventure, Comedy","Sergio Pablos, Carlos Martínez López","Jason Schwartzman, J.K. Simmons, Rashida Jones",8.2,65.0,"209,015",No info
The Big Sleep,1946,Approved,114 min,"Crime, Film-Noir, Mystery",Howard Hawks,"Humphrey Bogart, Lauren Bacall, John Ridgely",7.9,86.0,"92,084","$25,556"
Ford v Ferrari,2019,PG-13,152 min,"Action, Biography, Drama",James Mangold,"Matt Damon, Christian Bale, Jon Bernthal",8.1,81.0,"511,816","$117,624,357"
Dead Poets Society,1989,PG,128 min,"Comedy, Drama",Peter Weir,"Robin Williams, Robert Sean Leonard, Ethan Hawke",8.1,79.0,"587,741","$95,860,116"
The Terminator,1984,R,107 min,"Action, Adventure, Sci-Fi",James Cameron,"Arnold Schwarzenegger, Linda Hamilton, Michael Biehn",8.1,84.0,"955,787","$38,371,200"
Naked,1993,Not Rated,131 min,"Comedy, Drama",Mike Leigh,"David Thewlis, Lesley Sharp, Katrin Cartlidge",7.7,85.0,"45,233","$1,769,305"
Dangal,2016,Not Rated,161 min,"Action, Biography, Drama",Nitesh Tiwari,"Aamir Khan, Sakshi Tanwar, Fatima Sana Shaikh",8.3,,"220,511","$12,391,761"
Kwaidan,1964,Not Rated,183 min,"Drama, Fantasy, Horror",Masaki Kobayashi,"Rentarô Mikuni, Michiyo Aratama, Misako Watanabe",7.9,,"20,759",No info
The Man Who Would Be King,1975,PG,129 min,"Adventure, Drama, War",John Huston,"Sean Connery, Michael Caine, Christopher Plummer",7.8,91.0,"52,864",No info
Wild Tales,2014,R,122 min,"Comedy, Drama, Thriller",Damián Szifron,"Darío Grandinetti, María Marull, Mónica Villa",8.1,77.0,"225,049","$3,106,530"
Groundhog Day,1993,PG,101 min,"Comedy, Drama, Fantasy",Harold Ramis,"Bill Murray, Andie MacDowell, Chris Elliott",8.0,72.0,"714,340","$71,107,962"
Catch Me If You Can (2002),2002,,,,,,,,,No info
I Vitelloni,1953,Not Rated,104 min,"Comedy, Drama",Federico Fellini,"Alberto Sordi, Franco Fabrizi, Franco Interlenghi",7.8,87.0,"20,353","$116,428"
The Big Heat,1953,Approved,89 min,"Crime, Drama, Film-Noir",Fritz Lang,"Glenn Ford, Gloria Grahame, Jocelyn Brando",7.9,,"30,700",No info
The Double Life of Veronique,2015,,,Drama,,"Xiang Ding, Yiren Gao, Anthony Gavard",,,,No info
Who's Afraid of Virginia Woolf?,1966,Approved,131 min,Drama,Mike Nichols,"Elizabeth Taylor, Richard Burton, George Segal",8.0,75.0,"81,881","$28,000,000"
Requiem for a Dream,2000,NC-17,102 min,Drama,Darren Aronofsky,"Ellen Burstyn, Jared Leto, Jennifer Connelly",8.3,71.0,"935,942","$3,635,482"
Rope,1948,Approved,80 min,"Crime, Drama, Mystery",Alfred Hitchcock,"James Stewart, John Dall, Farley Granger",7.9,73.0,"158,674",No info
Love and Death,1975,PG,85 min,"Comedy, War",Woody Allen,"Woody Allen, Diane Keaton, Georges Adet",7.6,89.0,"42,230","$20,123,742"
The Remains of the Day,1993,PG,134 min,"Drama, Romance",James Ivory,"Anthony Hopkins, Emma Thompson, John Haycraft",7.8,86.0,"87,999","$23,237,911"
Jules and Jim,1962,Not Rated,105 min,"Drama, Romance",François Truffaut,"Jeanne Moreau, Oskar Werner, Henri Serre",7.7,97.0,"45,246",$509
The Gospel According to St. Matthew,1964,Not Rated,137 min,"Biography, Drama, History",Pier Paolo Pasolini,"Enrique Irazoqui, Margherita Caruso, Susanna Pasolini",7.6,,"14,251",No info
How to Train Your Dragon,2010,PG,98 min,"Animation, Action, Adventure","Dean DeBlois, Chris Sanders","Jay Baruchel, Gerard Butler, Christopher Mintz-Plasse",8.1,75.0,"841,318","$217,581,231"
Harry Potter and the Deathly Hallows: Part 2,2011,PG-13,130 min,"Adventure, Family, Fantasy",David Yates,"Daniel Radcliffe, Emma Watson, Rupert Grint",8.1,85.0,"989,213","$381,447,587"
Cat on a Hot Tin Roof,1958,Approved,108 min,Drama,Richard Brooks,"Elizabeth Taylor, Paul Newman, Burl Ives",7.9,84.0,"54,464",No info
The French Connection,1971,R,104 min,"Action, Crime, Drama",William Friedkin,"Gene Hackman, Roy Scheider, Fernando Rey",7.7,94.0,"139,943","$51,700,000"
Opening Night,1977,PG-13,144 min,Drama,John Cassavetes,"Gena Rowlands, John Cassavetes, Ben Gazzara",7.9,69.0,"12,800","$23,488"
Hotel Rwanda,2004,PG-13,121 min,"Biography, Drama, History",Terry George,"Don Cheadle, Sophie Okonedo, Joaquin Phoenix",8.1,79.0,"382,152","$23,530,892"
"4 Months, 3 Weeks and 2 Days",2007,Not Rated,113 min,Drama,Cristian Mungiu,"Anamaria Marinca, Laura Vasiliu, Vlad Ivanov",7.9,97.0,"64,597","$1,198,208"
Tampopo,1985,Not Rated,114 min,Comedy,Jûzô Itami,"Ken Watanabe, Tsutomu Yamazaki, Nobuko Miyamoto",7.9,87.0,"23,526","$224,097"
Scarface,1983,R,170 min,"Crime, Drama",Brian De Palma,"Al Pacino, Michelle Pfeiffer, Steven Bauer",8.3,65.0,"956,731","$45,967,303"
The Face of Another,1966,Not Rated,124 min,"Drama, Sci-Fi, Thriller",Hiroshi Teshigahara,"Tatsuya Nakadai, Mikijirô Hira, Kyôko Kishida",7.9,,"10,793",No info
The Roaring Twenties,1939,Approved,106 min,"Crime, Drama, Thriller",Raoul Walsh,"James Cagney, Humphrey Bogart, Priscilla Lane",7.9,80.0,"16,367",No info
Pickpocket,1959,Not Rated,76 min,"Crime, Drama",Robert Bresson,"Martin LaSalle, Marika Green, Jean Pélégri",7.6,,"25,980",No info
Kiki's Delivery Service,1989,G,103 min,"Animation, Family, Fantasy",Hayao Miyazaki,"Kirsten Dunst, Minami Takayama, Rei Sakuma",7.8,85.0,"173,716","$1,004,057"
A Prophet,2009,R,155 min,"Crime, Drama",Jacques Audiard,"Tahar Rahim, Niels Arestrup, Adel Bencherif",7.8,90.0,"103,929","$2,087,720"
Zelig,1983,PG,79 min,Comedy,Woody Allen,"Woody Allen, Mia Farrow, Patrick Horgan",7.6,,"44,742","$11,798,616"
Trouble in Paradise,1932,Approved,83 min,"Comedy, Crime, Romance",Ernst Lubitsch,"Miriam Hopkins, Kay Francis, Herbert Marshall",7.9,,"16,549",No info
Gran Torino,2008,R,116 min,Drama,Clint Eastwood,"Clint Eastwood, Bee Vang, Christopher Carley",8.1,73.0,"834,520","$148,095,302"
Last Year at Marienbad,1961,Not Rated,94 min,"Drama, Mystery, Romance",Alain Resnais,"Delphine Seyrig, Giorgio Albertazzi, Sacha Pitoëff",7.6,,"25,676","$207,917"
All the President's Men,1976,PG,138 min,"Drama, History, Thriller",Alan J. Pakula,"Dustin Hoffman, Robert Redford, Jack Warden",7.9,84.0,"129,425","$70,600,000"
Breaking the Waves,1996,R,159 min,Drama,Lars von Trier,"Emily Watson, Stellan Skarsgård, Katrin Cartlidge",7.8,82.0,"73,011","$3,803,298"
Indiana Jones and the Last Crusade,1989,PG-13,127 min,"Action, Adventure",Steven Spielberg,"Harrison Ford, Sean Connery, Alison Doody",8.2,65.0,"834,122","$197,171,806"
Divorce Italian Style,1961,Approved,105 min,"Comedy, Drama, Romance",Pietro Germi,"Marcello Mastroianni, Daniela Rocca, Stefania Sandrelli",7.9,,"14,806",No info
Edward Scissorhands,1990,PG-13,105 min,"Drama, Fantasy, Romance",Tim Burton,"Johnny Depp, Winona Ryder, Dianne Wiest",7.9,74.0,"541,949","$56,362,352"
The Thing,1982,R,109 min,"Horror, Mystery, Sci-Fi",John Carpenter,"Kurt Russell, Wilford Brimley, Keith David",8.2,57.0,"492,595","$20,063,820"
Perfect Blue,1997,Not Rated,81 min,"Animation, Crime, Drama",Satoshi Kon,"Junko Iwao, Rica Matsumoto, Shinpachi Tsuji",8.0,67.0,"107,176","$558,598"
Down by Law,1986,R,107 min,"Comedy, Crime, Drama",Jim Jarmusch,"Tom Waits, John Lurie, Roberto Benigni",7.7,75.0,"56,279","$1,435,668"
Bringing Up Baby,1938,Approved,102 min,Comedy,Howard Hawks,"Katharine Hepburn, Cary Grant, Charles Ruggles",7.8,91.0,"67,611",No info
The Phantom of Liberty,1974,R,104 min,Comedy,Luis Buñuel,"Jean-Claude Brialy, Adolfo Celi, Michel Piccoli",7.8,,"17,502","$6,172"
Bonnie and Clyde,1967,R,111 min,"Action, Biography, Crime",Arthur Penn,"Warren Beatty, Faye Dunaway, Michael J. Pollard",7.7,86.0,"124,081",No info
The Incredibles,2004,PG,115 min,"Animation, Action, Adventure",Brad Bird,"Craig T. Nelson, Samuel L. Jackson, Holly Hunter",8.0,90.0,"851,626","$261,441,092"
Rocky,1976,PG,120 min,"Drama, Sport",John G. Avildsen,"Sylvester Stallone, Talia Shire, Burt Young",8.1,70.0,"650,875","$117,235,147"
His Girl Friday,1940,Approved,92 min,"Comedy, Drama, Romance",Howard Hawks,"Cary Grant, Rosalind Russell, Ralph Bellamy",7.8,,"64,510","$296,000"
Mommy,2014,R,139 min,Drama,Xavier Dolan,"Anne Dorval, Antoine Olivier Pilon, Suzanne Clément",8.0,74.0,"63,424","$3,494,070"
Mon oncle,2017,,2 min,"Short, Comedy",,"Catherine, François Dupont, Estelle",10.0,,5,No info
My Fair Lady,1964,G,170 min,"Drama, Family, Musical",George Cukor,"Audrey Hepburn, Rex Harrison, Stanley Holloway",7.7,95.0,"103,904","$72,560,711"
Charade,1963,Approved,113 min,"Comedy, Mystery, Romance",Stanley Donen,"Cary Grant, Audrey Hepburn, Walter Matthau",7.8,83.0,"88,013",No info
Stalag 17,1953,Approved,120 min,"Comedy, Drama, War",Billy Wilder,"William Holden, Don Taylor, Otto Preminger",7.9,84.0,"59,741",No info
Boyhood,2014,R,165 min,Drama,Richard Linklater,"Ellar Coltrane, Patricia Arquette, Ethan Hawke",7.9,100.0,"373,700","$25,352,281"
The Secret in Their Eyes,2009,R,129 min,"Drama, Mystery, Romance",Juan José Campanella,"Ricardo Darín, Soledad Villamil, Pablo Rago",8.2,80.0,"229,994","$6,391,436"
Ninotchka,1939,Approved,110 min,"Comedy, Romance",Ernst Lubitsch,"Greta Garbo, Melvyn Douglas, Ina Claire",7.8,,"23,776",No info
Pierrot le fou,1965,Not Rated,110 min,"Crime, Drama, Romance",Jean-Luc Godard,"Jean-Paul Belmondo, Anna Karina, Graziella Galvani",7.4,,"37,814","$87,011"
The Enigma of Kaspar Hauser,1974,Not Rated,110 min,"Biography, Drama, History",Werner Herzog,"Bruno S., Walter Ladengast, Brigitte Mira",7.7,,"19,249",No info
Stroszek,1977,Not Rated,115 min,"Comedy, Drama",Werner Herzog,"Bruno S., Eva Mattes, Clemens Scheitz",7.7,,"15,605",No info
A Hard Day's Night,1964,G,87 min,"Comedy, Musical",Richard Lester,"John Lennon, Paul McCartney, George Harrison",7.5,96.0,"49,319","$1,480,356"
Onibaba,1964,Not Rated,103 min,"Drama, Horror, Thriller",Kaneto Shindô,"Nobuko Otowa, Jitsuko Yoshimura, Kei Satô",7.9,,"23,085",No info
Repulsion,1965,Not Rated,105 min,"Drama, Horror, Thriller",Roman Polanski,"Catherine Deneuve, Ian Hendry, John Fraser",7.6,91.0,"58,898",No info
Like Stars on Earth,2007,PG,162 min,"Drama, Family","Aamir Khan, Amole Gupte","Darsheel Safary, Aamir Khan, Tisca Chopra",8.3,,"215,892","$1,223,869"
Duck Soup,1933,Approved,69 min,"Comedy, Musical",Leo McCarey,"Groucho Marx, Harpo Marx, Chico Marx",7.7,93.0,"63,582",No info
Carlito's Way,1993,R,144 min,"Crime, Drama, Thriller",Brian De Palma,"Al Pacino, Sean Penn, Penelope Ann Miller",7.9,66.0,"239,534","$36,948,322"
Nashville,1975,R,160 min,"Comedy, Drama, Music",Robert Altman,"Keith Carradine, Karen Black, Ronee Blakley",7.6,96.0,"29,372","$9,984,123"
The Triplets of Belleville,2003,PG-13,80 min,"Animation, Adventure, Comedy",Sylvain Chomet,"Michèle Caucheteux, Jean-Claude Donda, Michel Robin",7.7,91.0,"57,843","$7,007,149"
"Dr. Mabuse, the Gambler",1922,Not Rated,242 min,"Crime, Mystery, Thriller",Fritz Lang,"Rudolf Klein-Rogge, Aud Egede-Nissen, Gertrude Welcker",7.8,,"9,382",No info
Gone Girl,2014,R,149 min,"Drama, Mystery, Thriller",David Fincher,"Ben Affleck, Rosamund Pike, Neil Patrick Harris",8.1,79.0,"1,104,943","$167,767,189"
